ID;Título;Entidade;Data de abertura;Última atualização;Status;Prioridade;Requerente - Requerente;Atribuído - Técnico;Categoria;Unnamed: 10
19 299;Interruptor;Entidade raiz;2026-04-09 14:01;2026-04-09 14:55;Em atendimento (atribuído);Baixa;Requerente_001;;INFRA;
18 853;[SERVIÇOS GERAIS] Limpeza de calhas;Entidade raiz;2026-01-12 08:19;2026-04-09 13:55;Em atendimento (atribuído);Baixa;Requerente_002;;INFRA;
19 282;Cadeira quebrada no Lab. [SALA];Entidade raiz;2026-04-07 10:04;2026-04-09 13:54;Em atendimento (atribuído);Baixa;Requerente_003;;INFRA;
19 169;Material suporte cabo de rede;Entidade raiz;2026-03-18 08:25;2026-04-09 13:53;Em atendimento (atribuído);Média;Requerente_004;Atribuído_001;INFRA+TI;
19 278;Cadeira [SALA];Entidade raiz;2026-04-06 10:42;2026-04-09 13:51;Em atendimento (atribuído);Média;Requerente_005;;INFRA;
19 283;Saboneteira quebrada.;Entidade raiz;2026-04-07 10:10;2026-04-09 13:51;Em atendimento (atribuído);Baixa;Requerente_002;;INFRA;
19 285;Ausência de água em banheiro do ginásio.;Entidade raiz;2026-04-07 13:43;2026-04-09 13:50;Em atendimento (atribuído);Baixa;Requerente_002;;INFRA;
19 287;Saboneiras nos banheiros;Entidade raiz;2026-04-08 07:35;2026-04-09 13:50;Em atendimento (atribuído);Baixa;Requerente_002;;INFRA;
19 289;Goteiras - [PESSOA];Entidade raiz;2026-04-08 10:03;2026-04-09 13:49;Em atendimento (atribuído);Baixa;Requerente_006;;INFRA;
19 231;Cadeiras quebradas;Entidade raiz;2026-03-27 15:46;2026-04-09 13:49;Em atendimento (atribuído);Média;Requerente_007;;INFRA;
19 290;Armário com problema na porta - [SALA] [SALA];Entidade raiz;2026-04-08 15:01;2026-04-09 13:49;Em atendimento (atribuído);Média;Requerente_008;;INFRA;
19 292;Conserto cadeira - encosto;Entidade raiz;2026-04-08 15:05;2026-04-09 13:49;Em atendimento (atribuído);Média;Requerente_008;;INFRA;
19 296;Solicitação de mudança de móveis na [SALA];Entidade raiz;2026-04-09 10:26;2026-04-09 13:49;Em atendimento (atribuído);Baixa;Requerente_009;;INFRA;
19 297;Manutenção do projetor da [SALA];Entidade raiz;2026-04-09 10:50;2026-04-09 13:48;Em atendimento (atribuído);Baixa;Requerente_010;;INFRA+TI;
19 111;Cadeira gabinete 5 professores;Entidade raiz;2026-03-04 15:28;2026-04-09 13:47;Em atendimento (atribuído);Média;Requerente_008;;INFRA;
19 029;[SERVIÇOS GERAIS][PESSOA];Entidade raiz;2026-02-23 14:55;2026-04-09 13:46;Em atendimento (atribuído);Média;Requerente_011;;INFRA;
18 712;[PESSOA]- construção de uma caixa de realidade aumentada;Entidade raiz;2025-11-14 15:38;2026-04-09 13:45;Em atendimento (atribuído);Média;Requerente_012;Atribuído_002;INFRA+TI;
19 248;Vazamento vaso banheiro do ginásio;Entidade raiz;2026-03-30 15:43;2026-04-09 13:43;Em atendimento (atribuído);Alta;Requerente_007;;INFRA;
19 074;[SERVIÇOS GERAIS] Prendedor de porta;Entidade raiz;2026-03-02 08:41;2026-04-09 13:33;Pendente;Baixa;Requerente_007;;INFRA;
19 294;Criar uma imagem/avatar de um aluno especial;Entidade raiz;2026-04-09 07:28;2026-04-09 11:59;Em atendimento (atribuído);Média;Requerente_013;Atribuído_003;PROGRAMAÇÃO VISUAL;
19 298;Atualizar AP's Unifi;Entidade raiz;2026-04-09 11:38;2026-04-09 11:38;Em atendimento (atribuído);Média;Requerente_014;Atribuído_004;TI;
19 295;helpdesk.videira.ifc.edu.br não envia e-mail de recuperação de senha;Entidade raiz;2026-04-09 07:29;2026-04-09 09:14;Em atendimento (atribuído);Média;Requerente_013;Atribuído_004;TI;
19 293;[PESSOA] - [PESSOA] do Trabalho;Entidade raiz;2026-04-08 18:45;2026-04-08 18:45;Em atendimento (atribuído);Média;Requerente_015;;INFRA;
19 291;Ajuste do projetor;Entidade raiz;2026-04-08 15:04;2026-04-08 15:04;Em atendimento (atribuído);Média;Requerente_016;Atribuído_005;AUDIOVISUAL;
18 002;[ATIVO_REDE] Barracão;Entidade raiz;2025-06-12 08:12;2026-04-08 13:26;Em atendimento (atribuído);Baixa;Requerente_004;Atribuído_004;TI;
19 286;Cabo HDMI de projetor da [SALA];Entidade raiz;2026-04-08 00:26;2026-04-08 00:26;Em atendimento (atribuído);Alta;Requerente_017;Atribuído_005;AUDIOVISUAL+TI;
19 263;ajuda para realização da mesa de abertura e mesa temática  da 1ª AgroIFC;Entidade raiz;2026-04-01 09:29;2026-04-07 21:42;Em atendimento (atribuído);Alta;Requerente_018;Atribuído_005;EVENTOS + AUDIOVISUAL;
9 151;Câmeras com o foco desajustado;Entidade raiz;2019-02-14 09:46;2026-04-07 13:06;Em atendimento (atribuído);Média;Requerente_014;Atribuído_006;INFRA+TI;
19 234;[PESSOA] TV;Entidade raiz;2026-03-30 07:34;2026-04-07 11:17;Em atendimento (atribuído);Baixa;Requerente_019;Atribuído_007;PROGRAMAÇÃO VISUAL;
19 275;Computador para professora Bruna;Entidade raiz;2026-04-06 08:24;2026-04-07 11:12;Em atendimento (atribuído);Alta;Requerente_020;Atribuído_008;TI;
19 284;Ar condicionado sala Servidores;Entidade raiz;2026-04-07 11:11;2026-04-07 11:11;Em atendimento (atribuído);Baixa;Requerente_019;;INFRA;
19 265;Som na area externa da 1AgroIFC;Entidade raiz;2026-04-01 09:38;2026-04-06 20:13;Em atendimento (atribuído);Alta;Requerente_018;Atribuído_005;INFRA+AUDIOVISUAL;
19 276;Datashow não funciona. [SALA].;Entidade raiz;2026-04-06 08:51;2026-04-06 20:11;Em atendimento (atribuído);Média;Requerente_021;Atribuído_005;INFRA+AUDIOVISUAL;
19 264;Bloquear acesso Internet nos lab - que tal via Veyon?;Entidade raiz;2026-04-01 09:38;2026-04-06 20:09;Em atendimento (atribuído);Alta;Requerente_013;Atribuído_009;TI;
19 273;[SERVIÇOS GERAIS] Instalar TV;Entidade raiz;2026-04-01 17:03;2026-04-01 17:03;Em atendimento (atribuído);Média;Requerente_007;;INFRA;
19 236;Retirar carteiras e cadeiras;Entidade raiz;2026-03-30 09:22;2026-04-01 15:28;Em atendimento (atribuído);Alta;Requerente_022;;INFRA;
19 270;SERVIÇOS GERAIS] Manutenção periódica no compressor de ar;Entidade raiz;2026-04-01 14:10;2026-04-01 14:10;Em atendimento (atribuído);Média;Requerente_007;;INFRA;
19 141;[CHAVES] Cópia sala de jogos;Entidade raiz;2026-03-11 17:18;2026-04-01 14:07;Em atendimento (atribuído);Média;Requerente_023;;INFRA;
19 260;Copiar as Vm's baixadas dos [SERVIDOR] e [SERVIDOR] para o servidor RSYNC 20TB;Entidade raiz;2026-04-01 07:55;2026-04-01 12:55;Em atendimento (atribuído);Muito alta;Requerente_014;Atribuído_004;TI;
17 373;Atribuir vínculo Autodesk;Entidade raiz;2025-02-19 08:15;2026-04-01 12:10;Em atendimento (atribuído);Média;Requerente_002;Atribuído_010;TI;
19 253;Cadeiras para a 1ªAgroIFC;Entidade raiz;2026-03-31 10:42;2026-04-01 09:44;Em atendimento (atribuído);Alta;Requerente_018;;INFRA;
19 238;realização da mesa de abertura e mesa temática  da 1ª AgroIFC;Entidade raiz;2026-03-30 11:32;2026-04-01 09:11;Em atendimento (atribuído);Alta;Requerente_018;Atribuído_011;EVENTOS;
19 241;Guardar cadeira e carteira;Entidade raiz;2026-03-30 13:04;2026-04-01 07:31;Em atendimento (atribuído);Média;Requerente_022;;INFRA;
19 244;Placa de acrílico - [SALA];Entidade raiz;2026-03-30 14:55;2026-04-01 07:30;Em atendimento (atribuído);Média;Requerente_008;;INFRA;
19 254;acessos a 1ªAgroIFC;Entidade raiz;2026-03-31 10:45;2026-04-01 07:30;Em atendimento (atribuído);Alta;Requerente_018;;INFRA;
19 256;Solda trave;Entidade raiz;2026-03-31 13:21;2026-04-01 07:29;Em atendimento (atribuído);Média;Requerente_007;;INFRA;
19 223;Torneira com vazamento na copa;Entidade raiz;2026-03-26 07:32;2026-04-01 07:29;Em atendimento (atribuído);Alta;Requerente_007;;INFRA;
18 011;Laboratório [SALA] – Manutenções;Entidade raiz;2025-06-12 16:53;2026-03-31 20:02;Em atendimento (atribuído);Média;Requerente_024;Atribuído_009;LABORATÓRIOS DE INFORMÁTICA;
19 250;Tampa de vaso quebrado do banheiro feminino do [BLOCO];Entidade raiz;2026-03-31 07:33;2026-03-31 13:18;Em atendimento (atribuído);Média;Requerente_007;;INFRA;
19 199;Migração das VM's do [SERVIDOR] para o [SERVIDOR];Entidade raiz;2026-03-20 16:58;2026-03-31 12:55;Em atendimento (atribuído);Critica;Requerente_014;Atribuído_004;TI;
19 246;(Re)solicitação - Conserto de ar-condicionado da [SALA].;Entidade raiz;2026-03-30 15:10;2026-03-30 15:36;Em atendimento (atribuído);Alta;Requerente_017;;INFRA;
19 247;[SERVIÇOS GERAIS] Organizar [SALA];Entidade raiz;2026-03-30 15:23;2026-03-30 15:25;Em atendimento (atribuído);Baixa;Requerente_025;;INFRA;
19 242;Porta [SALA];Entidade raiz;2026-03-30 14:22;2026-03-30 14:40;Em atendimento (atribuído);Média;Requerente_026;;INFRA;
19 233;Banner para a TV painel;Entidade raiz;2026-03-30 07:33;2026-03-30 07:33;Em atendimento (atribuído);Baixa;Requerente_019;Atribuído_007;PROGRAMAÇÃO VISUAL;
19 204;[PESSOA];Entidade raiz;2026-03-23 14:14;2026-03-27 07:41;Em atendimento (atribuído);Muito alta;Requerente_011;;INFRA;
18 867;Instalação de cabo HDMI;Entidade raiz;2026-01-20 08:53;2026-03-26 10:57;Em atendimento (atribuído);Baixa;Requerente_002;;INFRA;
18 442;[SERVIÇOS GERAIS] Placa de Trânsito;Entidade raiz;2025-09-17 13:13;2026-03-26 10:56;Em atendimento (atribuído);Baixa;Requerente_011;;INFRA;
19 086;[CIVIL] Goteira na [SALA];Entidade raiz;2026-03-03 07:49;2026-03-26 10:56;Em atendimento (atribuído);Baixa;Requerente_004;;INFRA;
18 810;[CIVIL] Troca de filtro de todos os bebedouros;Entidade raiz;2025-12-17 15:09;2026-03-26 10:54;Em atendimento (atribuído);Média;Requerente_007;;INFRA;
18 787;(Drenagem ao redor da estufa (17680);Entidade raiz;2025-12-10 14:48;2026-03-26 10:54;Em atendimento (atribuído);Alta;Requerente_018;;INFRA;
18 467;[CIVIL] Vedação nos rufos do telhado dos laboratórios;Entidade raiz;2025-09-22 08:48;2026-03-26 10:53;Em atendimento (atribuído);Média;Requerente_007;;INFRA;
18 402;[CIVIL]Piso de concreto;Entidade raiz;2025-09-10 15:22;2026-03-26 10:53;Em atendimento (atribuído);Baixa;Requerente_011;;INFRA;
19 216;Tampa caixa passagem elétrica;Entidade raiz;2026-03-25 11:18;2026-03-26 08:13;Em atendimento (atribuído);Critica;Requerente_011;;INFRA;
19 220;[PESSOA] [SALA];Entidade raiz;2026-03-25 15:30;2026-03-25 15:30;Em atendimento (atribuído);Média;Requerente_005;;INFRA;
19 219;Verificação de infiltração na [SALA];Entidade raiz;2026-03-25 14:01;2026-03-25 14:01;Em atendimento (atribuído);Baixa;Requerente_027;;INFRA;
19 009;[CIVIL] Problema de mau cheiro banheiro PNE laboratórios;Entidade raiz;2026-02-20 07:53;2026-03-25 13:06;Em atendimento (atribuído);Critica;Requerente_011;;INFRA;
17 093;Mudança da sala do Gabinete e Assessoria;Entidade raiz;2024-11-27 17:13;2026-03-25 10:50;Em atendimento (atribuído);Baixa;Requerente_028;Atribuído_001;INFRA+TI;
14 633;Proteção para parede;Entidade raiz;2023-06-01 20:49;2026-03-25 08:54;Em atendimento (atribuído);Média;Requerente_029;;INFRA;
15 182;Internet WiFi - [BLOCO];Entidade raiz;2023-10-27 19:15;2026-03-25 08:53;Em atendimento (atribuído);Média;Requerente_030;Atribuído_012;TI;
18 863;[SERVIÇOS GERAIS] Reparos na copa;Entidade raiz;2026-01-19 09:45;2026-03-25 08:36;Pendente;Baixa;Requerente_002;;INFRA;
19 084;[AR-CONDICIONADO] Ar condicionado [SALA];Entidade raiz;2026-03-02 16:23;2026-03-25 08:18;Em atendimento (atribuído);Baixa;Requerente_031;;INFRA;
19 192;[AR-CONDICIONADO] Climatizador- [SALA];Entidade raiz;2026-03-19 19:46;2026-03-25 08:16;Em atendimento (atribuído);Baixa;Requerente_012;;INFRA;
19 196;[AR-CONDICIONADO] Ar condicionado;Entidade raiz;2026-03-20 10:33;2026-03-25 08:14;Em atendimento (atribuído);Baixa;Requerente_019;;INFRA;
19 209;[AR-CONDICIONADO] Falha na vedação [PESSOA];Entidade raiz;2026-03-23 19:48;2026-03-25 08:14;Em atendimento (atribuído);Média;Requerente_023;;INFRA;
19 214;[AR-CONDICIONADO] Climatizador - [SALA];Entidade raiz;2026-03-24 18:37;2026-03-25 08:14;Em atendimento (atribuído);Alta;Requerente_032;;INFRA;
19 211;[SERVIÇOS GERAIS] Tampa caixa de passagem quebrada;Entidade raiz;2026-03-24 11:09;2026-03-24 11:09;Em atendimento (atribuído);Média;Requerente_007;;INFRA;
19 210;Goteira na [SALA];Entidade raiz;2026-03-23 21:10;2026-03-23 21:10;Em atendimento (atribuído);Alta;Requerente_033;;INFRA;
19 182;[SERVIÇOS GERAIS] Vazamento no teto do banheiro feminino do ginásio;Entidade raiz;2026-03-19 10:29;2026-03-23 16:13;Em atendimento (atribuído);Média;Requerente_007;;INFRA;
19 202;Tendas;Entidade raiz;2026-03-23 10:53;2026-03-23 10:53;Em atendimento (atribuído);Baixa;Requerente_023;;INFRA;
19 180;Passagem dos cabos de rede para a mesa do professor nas salas de aula [BLOCO];Entidade raiz;2026-03-19 07:47;2026-03-20 19:04;Em atendimento (atribuído);Alta;Requerente_014;Atribuído_002;TI;
19 079;[SERVIÇOS GERAIS] [BLOCO], banheiro masculino;Entidade raiz;2026-03-02 14:56;2026-03-19 09:39;Pendente;Baixa;Requerente_034;;INFRA;
19 175;Bebedouros;Entidade raiz;2026-03-18 10:47;2026-03-18 10:47;Em atendimento (atribuído);Baixa;Requerente_035;;INFRA;
19 170;Testar HD's nos servidores [SALA];Entidade raiz;2026-03-18 08:35;2026-03-18 08:53;Em atendimento (atribuído);Alta;Requerente_014;Atribuído_004;TI;
19 172;Providenciar a Atualização da VM do Zabbix;Entidade raiz;2026-03-18 08:39;2026-03-18 08:39;Em atendimento (atribuído);Média;Requerente_014;Atribuído_004;TI;
19 171;Providenciar backup e a migração da VM do FOG Server para outro servidor;Entidade raiz;2026-03-18 08:37;2026-03-18 08:37;Em atendimento (atribuído);Critica;Requerente_014;Atribuído_004;TI;
19 168;Verificar o envio de e-mails pelo [SERVIDOR];Entidade raiz;2026-03-18 08:19;2026-03-18 08:19;Em atendimento (atribuído);Muito alta;Requerente_014;Atribuído_004;TI;
19 165;[CIVIL] Outdoor;Entidade raiz;2026-03-17 16:58;2026-03-18 07:48;Em atendimento (atribuído);Média;Requerente_007;;INFRA;
19 162;Verificar o envio de Email da [PESSOA];Entidade raiz;2026-03-17 13:14;2026-03-17 13:14;Em atendimento (atribuído);Alta;Requerente_014;Atribuído_004;TI;
18 009;Laboratório [SALA] – Manutenções;Entidade raiz;2025-06-12 16:51;2026-03-16 11:49;Em atendimento (atribuído);Média;Requerente_024;Atribuído_009;LABORATÓRIOS DE INFORMÁTICA;
18 008;Laboratório [SALA] – Manutenções;Entidade raiz;2025-06-12 16:50;2026-03-16 11:41;Em atendimento (atribuído);Média;Requerente_024;Atribuído_009;LABORATÓRIOS DE INFORMÁTICA;
19 050;[AR-CONDICIONADO] Ar condicionado;Entidade raiz;2026-02-25 09:29;2026-03-16 07:42;Em atendimento (atribuído);Alta;Requerente_023;;INFRA;
19 155;[AR-CONDICIONADO] Conserto de ar-condicionado;Entidade raiz;2026-03-13 16:01;2026-03-16 07:39;Em atendimento (atribuído);Alta;Requerente_017;;INFRA;
19 149;Chuvas recorrentes no interior do lab [SALA]: chuva no inteiror do lab dia 12/03/26;Entidade raiz;2026-03-12 17:50;2026-03-13 16:30;Em atendimento (atribuído);Alta;Requerente_036;;INFRA;
19 134;Cabeamento;Entidade raiz;2026-03-10 17:43;2026-03-12 12:27;Em atendimento (atribuído);Baixa;Requerente_027;Atribuído_002;INFRA+TI;
19 144;Configurar pontos de rede das salas de aula do [BLOCO];Entidade raiz;2026-03-12 11:47;2026-03-12 11:54;Em atendimento (atribuído);Muito alta;Requerente_014;Atribuído_002;TI;
18 910;Instalação dos outdoors;Entidade raiz;2026-02-03 16:07;2026-03-12 07:39;Em atendimento (atribuído);Alta;Requerente_037;;INFRA;
19 080;[ELÉTRICA] Lâmpada;Entidade raiz;2026-03-02 15:00;2026-03-11 16:42;Em atendimento (atribuído);Baixa;Requerente_034;;INFRA;
19 140;Chuvas recorrentes no interior do laboratório [SALA] (Automação Industrial);Entidade raiz;2026-03-11 13:56;2026-03-11 16:10;Em atendimento (atribuído);Alta;Requerente_036;;INFRA;
19 061;[PESSOA] de [PESSOA];Entidade raiz;2026-02-27 07:57;2026-03-10 10:46;Em atendimento (atribuído);Critica;Requerente_011;;INFRA;
19 116;[CIVIL] Tanque;Entidade raiz;2026-03-05 13:46;2026-03-09 07:35;Em atendimento (atribuído);Baixa;Requerente_034;;INFRA;
19 118;SOLICITAÇÃODE CONSERTO DO CABO DO DATASHOW DA SALA [SALA];Entidade raiz;2026-03-05 18:42;2026-03-05 18:42;Em atendimento (atribuído);Alta;Requerente_038;Atribuído_005;INFRA+AUDIOVISUAL;
19 113;[SERVIÇOS GERAIS] Mudança da secretaria;Entidade raiz;2026-03-05 13:26;2026-03-05 13:26;Em atendimento (atribuído);Média;Requerente_007;;INFRA;
16 486;datashow;Entidade raiz;2024-08-01 08:41;2026-03-03 19:44;Em atendimento (atribuído);Alta;Requerente_032;;AUDIOVISUAL;
18 012;Laboratório [SALA] – Manutenções;Entidade raiz;2025-06-12 16:53;2026-03-03 16:04;Em atendimento (atribuído);Média;Requerente_024;Atribuído_009;LABORATÓRIOS DE INFORMÁTICA;
19 091;Conserto [AP] academia;Entidade raiz;2026-03-03 10:52;2026-03-03 10:52;Em atendimento (atribuído);Alta;Requerente_039;;INFRA;
19 088;Fechamento de buraco parede Biblioteca;Entidade raiz;2026-03-03 08:34;2026-03-03 08:34;Em atendimento (atribuído);Baixa;Requerente_004;;INFRA;
18 013;Laboratório [SALA] – Manutenções;Entidade raiz;2025-06-12 16:54;2026-03-02 10:50;Em atendimento (atribuído);Média;Requerente_024;Atribuído_009;LABORATÓRIOS DE INFORMÁTICA;
18 017;Laboratório [SALA] – Manutenções;Entidade raiz;2025-06-12 16:56;2026-03-02 10:28;Em atendimento (atribuído);Média;Requerente_024;Atribuído_009;LABORATÓRIOS DE INFORMÁTICA;
18 921;Produção da arte para a VI [PESSOA] da Pedagogia;Entidade raiz;2026-02-04 18:28;2026-03-02 09:49;Em atendimento (atribuído);Alta;Requerente_033;Atribuído_007;PROGRAMAÇÃO VISUAL;
19 073;[CIVIL] Inspeção na cerca;Entidade raiz;2026-03-02 07:36;2026-03-02 07:36;Em atendimento (atribuído);Baixa;Requerente_007;;INFRA;
17 135;[CIVIL]Infiltração no Laboratório [SALA];Entidade raiz;2024-12-09 17:21;2026-02-27 13:33;Em atendimento (atribuído);Alta;Requerente_040;Atribuído_013;LABORATÓRIOS DE ELETRO;
17 982;[CIVIL] Verificar goteiras [SALA];Entidade raiz;2025-06-09 11:41;2026-02-27 13:32;Em atendimento (atribuído);Média;Requerente_011;;INFRA;
19 062;Armário [SALA];Entidade raiz;2026-02-27 10:13;2026-02-27 10:13;Em atendimento (atribuído);Baixa;Requerente_015;Atribuído_014;INFRA;
19 052;[CIVIL] Piso tátil [BLOCO];Entidade raiz;2026-02-25 10:09;2026-02-27 08:25;Em atendimento (atribuído);Baixa;Requerente_011;;INFRA;
19 053;Confecção de telhado;Entidade raiz;2026-02-25 11:10;2026-02-25 11:10;Em atendimento (atribuído);Baixa;Requerente_002;Atribuído_015;INFRA;
18 977;Organização de Materiais para estudantes no Campus;Entidade raiz;2026-02-12 17:07;2026-02-25 07:30;Em atendimento (atribuído);Média;Requerente_023;;INFRA;
19 046;[CHAVES] Cópia de chaves salas [SALA] e [SALA];Entidade raiz;2026-02-24 15:53;2026-02-24 15:53;Em atendimento (atribuído);Baixa;Requerente_007;;INFRA;
19 045;Limpar dados de computadores;Entidade raiz;2026-02-24 15:02;2026-02-24 15:02;Em atendimento (atribuído);Baixa;Requerente_025;;TI;
18 985;[AR-CONDICIONADO] Ar condicionado não esfria [SALA];Entidade raiz;2026-02-13 15:02;2026-02-24 13:16;Em atendimento (atribuído);Alta;Requerente_041;;INFRA;
19 005;[AR-CONDICIONADO] [PESSOA];Entidade raiz;2026-02-19 16:06;2026-02-24 13:16;Em atendimento (atribuído);Alta;Requerente_042;;INFRA;
19 030;[CHAVES] [PESSOA] [SALA];Entidade raiz;2026-02-23 15:53;2026-02-24 13:16;Em atendimento (atribuído);Alta;Requerente_023;;INFRA;
19 037;[CHAVES] Chave recepção;Entidade raiz;2026-02-23 17:47;2026-02-24 13:16;Em atendimento (atribuído);Baixa;Requerente_023;;INFRA;
19 041;30 Mousepad [SALA], [SALA] e [SALA];Entidade raiz;2026-02-24 09:45;2026-02-24 09:45;Em atendimento (atribuído);Baixa;Requerente_011;Atribuído_008;TI;
19 040;Consertar [AP] academia;Entidade raiz;2026-02-24 08:08;2026-02-24 08:08;Em atendimento (atribuído);Alta;Requerente_039;;INFRA;
19 023;Data show da [SALA];Entidade raiz;2026-02-23 12:31;2026-02-23 18:16;Em atendimento (atribuído);Alta;Requerente_020;Atribuído_005;AUDIOVISUAL;
19 028;Armário;Entidade raiz;2026-02-23 14:55;2026-02-23 15:50;Em atendimento (atribuído);Baixa;Requerente_033;;INFRA;
18 601;Suporte para cabo elétrico [SALA];Entidade raiz;2025-10-20 08:15;2026-02-20 14:53;Em atendimento (atribuído);Baixa;Requerente_011;;INFRA;
12 256;[ELÉTRICA] Instalação de tomadas nos laboratórios de Informática;Entidade raiz;2021-09-21 09:10;2026-02-20 07:37;Em atendimento (atribuído);Baixa;Requerente_043;;INFRA+TI;
18 993;Montar mesas na sala de jogos;Entidade raiz;2026-02-19 07:32;2026-02-19 16:54;Em atendimento (atribuído);Baixa;Requerente_002;;INFRA;
18 996;[PESSOA] [SALA];Entidade raiz;2026-02-19 08:15;2026-02-19 08:15;Em atendimento (atribuído);Alta;Requerente_044;Atribuído_005;AUDIOVISUAL;
18 938;Projetores manutenção preventiva;Entidade raiz;2026-02-09 15:02;2026-02-19 07:22;Em atendimento (atribuído);Alta;Requerente_045;Atribuído_005;INFRA+AUDIOVISUAL;
18 991;Computador para atendimento de solicitação da corregedoria;Entidade raiz;2026-02-18 15:11;2026-02-18 16:54;Em atendimento (atribuído);Alta;Requerente_035;;TI;
18 988;[CHAVES] Cópia de chaves administrativo;Entidade raiz;2026-02-13 16:51;2026-02-13 16:51;Em atendimento (atribuído);Baixa;Requerente_007;;INFRA;
18 945;Fechadura porta banheiro masculino servidores [BLOCO];Entidade raiz;2026-02-10 10:42;2026-02-13 15:10;Em atendimento (atribuído);Alta;Requerente_022;;INFRA;
18 967;Projetor [SALA];Entidade raiz;2026-02-12 11:20;2026-02-12 11:20;Em atendimento (atribuído);Alta;Requerente_044;Atribuído_005;AUDIOVISUAL;
18 957;Instalação Java;Entidade raiz;2026-02-11 09:26;2026-02-11 17:38;Em atendimento (atribuído);Média;Requerente_046;Atribuído_008;TI;
18 948;[CHAVES] Chave adm;Entidade raiz;2026-02-10 13:48;2026-02-11 11:28;Em atendimento (atribuído);Baixa;Requerente_009;Atribuído_016;INFRA;
18 950;[AR CONDICIONADO] Ar da [SALA] se desliga após um tempo e não ligou mais;Entidade raiz;2026-02-10 15:15;2026-02-11 11:27;Em atendimento (atribuído);Alta;Requerente_013;;INFRA;
18 959;[AR CONDICIONADO] Ar condicionado;Entidade raiz;2026-02-11 10:27;2026-02-11 11:27;Em atendimento (atribuído);Baixa;Requerente_012;;INFRA;
18 926;Projetores sem funcionar;Entidade raiz;2026-02-05 15:54;2026-02-10 15:20;Em atendimento (atribuído);Alta;Requerente_007;Atribuído_005;AUDIOVISUAL;
18 946;Câmera BLAB08 offline;Entidade raiz;2026-02-10 13:27;2026-02-10 13:27;Em atendimento (atribuído);Média;Requerente_014;Atribuído_016;INFRA+TI;
18 252;[PESSOA];Entidade raiz;2025-08-11 13:06;2026-02-06 11:30;Em atendimento (atribuído);Baixa;Requerente_011;;INFRA;
18 825;[ELÉTRICA]Lâmpadas queimadas auditório;Entidade raiz;2025-12-22 11:00;2026-02-06 11:30;Em atendimento (atribuído);Média;Requerente_007;;INFRA;
18 924;Câmera BLAB11 offline;Entidade raiz;2026-02-05 13:20;2026-02-05 13:20;Em atendimento (atribuído);Média;Requerente_014;;INFRA+TI;
18 820;materiais de divulgação para a 1ª AgroIFC;Entidade raiz;2025-12-19 08:56;2026-02-05 10:50;Em atendimento (atribuído);Alta;Requerente_018;Atribuído_007;PROGRAMAÇÃO VISUAL;
18 877;Material visual de conscientização da coleta seletiva.;Entidade raiz;2026-01-26 12:39;2026-02-04 13:56;Em atendimento (atribuído);Baixa;Requerente_047;;INFRA+AUDIOVISUAL;
17 966;[CIVIL]Instalar porta e janela no banheiro do galpão de maquinas.;Entidade raiz;2025-06-05 08:28;2026-02-03 13:02;Em atendimento (atribuído);Baixa;Requerente_018;;INFRA;
18 323;[CHAVES] [PESSOA] - [PESSOA];Entidade raiz;2025-08-25 09:17;2026-02-03 09:34;Em atendimento (atribuído);Baixa;Requerente_006;;INFRA;
18 895;[CHAVES] Cópia de chave;Entidade raiz;2026-01-29 11:11;2026-02-03 09:33;Em atendimento (atribuído);Baixa;Requerente_001;;INFRA;
18 901;Desativação e remoção da estrutura do [AP] outdoor em cima da sala do DG;Entidade raiz;2026-01-30 11:32;2026-02-02 14:52;Em atendimento (atribuído);Média;Requerente_014;;INFRA+TI;
18 786;Conteiner [SALA];Entidade raiz;2025-12-10 14:40;2026-01-30 08:24;Em atendimento (atribuído);Baixa;Requerente_011;;INFRA;
18 855;[PESSOA];Entidade raiz;2026-01-15 07:55;2026-01-27 12:28;Em atendimento (atribuído);Alta;Requerente_048;Atribuído_017;TI;
18 874;Câmera Ref04 - entrada refeitório caiu fora do ar;Entidade raiz;2026-01-26 12:20;2026-01-27 10:00;Em atendimento (atribuído);Média;Requerente_007;;INFRA+TI;
18 842;[SERVIÇOS GERAIS] Cadeira danificada laboratório de informática [SALA];Entidade raiz;2026-01-06 10:23;2026-01-26 12:27;Pendente;Baixa;Requerente_024;;INFRA;
18 858;Computador travando;Entidade raiz;2026-01-16 10:30;2026-01-22 10:47;Em atendimento (atribuído);Alta;Requerente_049;Atribuído_008;TI;
18 868;Manutenção notebook;Entidade raiz;2026-01-21 11:35;2026-01-21 11:35;Em atendimento (atribuído);Baixa;Requerente_019;Atribuído_008;TI;
18 014;Laboratório [SALA] – Manutenções;Entidade raiz;2025-06-12 16:55;2026-01-21 10:12;Em atendimento (atribuído);Média;Requerente_024;Atribuído_009;LABORATÓRIOS DE INFORMÁTICA;
18 015;Laboratório [SALA] – Manutenções;Entidade raiz;2025-06-12 16:55;2026-01-15 11:48;Em atendimento (atribuído);Média;Requerente_024;Atribuído_009;LABORATÓRIOS DE INFORMÁTICA;
18 016;Laboratório [SALA] – Manutenções;Entidade raiz;2025-06-12 16:56;2026-01-05 13:19;Em atendimento (atribuído);Média;Requerente_024;Atribuído_009;LABORATÓRIOS DE INFORMÁTICA;
13 384;alteração de local de mesa da grasiela e reinstalar computador para melhorar circulação de cadeirante ao acesso aos livros de história;Entidade raiz;2022-07-01 07:51;2025-12-29 14:10;Pendente;Média;Requerente_050;;INFRA+TI;
18 657;Organização das imagens para o ano de 2026;Entidade raiz;2025-11-03 20:12;2025-12-26 18:27;Em atendimento (atribuído);Média;Requerente_024;Atribuído_009;LABORATÓRIOS DE INFORMÁTICA;
17 624;[SERVIÇOS GERAIS]Trocar persianas;Entidade raiz;2025-04-01 08:50;2025-12-23 08:41;Pendente;Média;Requerente_007;;INFRA;
18 819;Produção da arte para a VI [PESSOA] da Pedagogia;Entidade raiz;2025-12-18 14:57;2025-12-18 14:57;Em atendimento (atribuído);Média;Requerente_033;Atribuído_018;CECOM;
18 622;[CIVIL] Realização de abertura de vala e instalação de cabo elétrico;Entidade raiz;2025-10-23 13:33;2025-12-18 09:11;Em atendimento (atribuído);Média;Requerente_007;;INFRA;
17 300;Cabo HDMI e MEDUZA;Entidade raiz;2025-02-10 13:59;2025-12-18 09:08;Em atendimento (atribuído);Alta;Requerente_045;;INFRA;
18 804;Providenciar a troca do [ATIVO_REDE] Guarita;Entidade raiz;2025-12-17 11:35;2025-12-17 15:53;Em atendimento (atribuído);Média;Requerente_014;Atribuído_002;TI;
18 498;Destinação da sala depósito guarita;Entidade raiz;2025-09-29 10:28;2025-12-17 14:48;Em atendimento (atribuído);Alta;Requerente_004;;INFRA;
18 238;Identificar e testar circuitos de energia Guarita;Entidade raiz;2025-08-06 10:22;2025-12-17 12:52;Em atendimento (atribuído);Alta;Requerente_004;;INFRA+TI;
18 286;Troca de pasta térmica e adição de memória RAM;Entidade raiz;2025-08-18 20:20;2025-12-16 20:33;Em atendimento (atribuído);Baixa;Requerente_024;Atribuído_009;TI;
18 778;[CIVIL]Persianas;Entidade raiz;2025-12-04 15:11;2025-12-09 09:44;Em atendimento (atribuído);Baixa;Requerente_051;;INFRA;
18 617;Solicitação de ampliação de máquinas no laboratório [SALA];Entidade raiz;2025-10-22 10:59;2025-12-09 07:39;Em atendimento (atribuído);Alta;Requerente_052;Atribuído_019;INFRA+TI;
18 678;Câmera biblioteca;Entidade raiz;2025-11-05 14:44;2025-12-03 08:05;Em atendimento (atribuído);Baixa;Requerente_019;Atribuído_002;INFRA;
18 758;[AR-CONDICIONADO] Problema no controle do ar-condicionado;Entidade raiz;2025-11-29 10:06;2025-12-01 13:32;Em atendimento (atribuído);Baixa;Requerente_053;;INFRA;
18 756;[AR-CONDICIONADO] Ar-condicionado com defeito;Entidade raiz;2025-11-29 10:01;2025-12-01 13:32;Em atendimento (atribuído);Baixa;Requerente_053;;INFRA;
18 132;[CHAVES] Sala embaixo escada [BLOCO];Entidade raiz;2025-07-14 08:34;2025-11-28 07:32;Pendente;Baixa;Requerente_007;;INFRA;
18 716;[CHAVES] Cópias chaves;Entidade raiz;2025-11-17 13:11;2025-11-28 07:30;Em atendimento (atribuído);Baixa;Requerente_002;Atribuído_015;INFRA;
18 753;[AR CONDICIONADO] AC;Entidade raiz;2025-11-27 20:11;2025-11-28 07:29;Em atendimento (atribuído);Baixa;Requerente_054;;INFRA;
18 750;Instalação de câmera de vigilância;Entidade raiz;2025-11-27 07:56;2025-11-27 09:23;Em atendimento (atribuído);Baixa;Requerente_002;Atribuído_020;INFRA+TI;
18 133;ACESSO A IMPRESSAO DE ETIQUETAS PC PATRIMONIO;Entidade raiz;2025-07-14 08:53;2025-11-17 13:36;Em atendimento (atribuído);Baixa;Requerente_025;Atribuído_008;TI;
18 151;Problema de duplicação de tela no LAB [SALA];Entidade raiz;2025-07-16 08:23;2025-11-11 10:34;Em atendimento (atribuído);Alta;Requerente_027;Atribuído_005;AUDIOVISUAL+TI;
18 651;Verificação e preparação dos computadores doados pelo TRE;Entidade raiz;2025-10-31 20:32;2025-11-07 20:41;Em atendimento (atribuído);Baixa;Requerente_024;Atribuído_009;LABORATÓRIOS DE INFORMÁTICA;
18 607;Solicitação de Arte;Entidade raiz;2025-10-20 11:20;2025-11-03 17:55;Em atendimento (atribuído);Alta;Requerente_055;Atribuído_018;CECOM;
12 963;4 pontos de rede estruturados e certificados para os [AP] no corredor principal do pedagógico;Entidade raiz;2022-03-25 11:54;2025-10-20 07:58;Em atendimento (atribuído);Média;Requerente_056;Atribuído_001;TI;
18 580;Usuários atendidos na conexão da rede Eduroam- Registro;Entidade raiz;2025-10-14 20:54;2025-10-17 21:00;Em atendimento (atribuído);Baixa;Requerente_024;Atribuído_009;TI;
15 623;Atualização [PESSOA];Entidade raiz;2024-02-23 10:03;2025-10-16 10:44;Em atendimento (atribuído);Alta;Requerente_011;Atribuído_014;INFRA;
18 589;Bateria do nobreak RNP;Entidade raiz;2025-10-15 21:09;2025-10-16 09:29;Em atendimento (atribuído);Baixa;Requerente_019;Atribuído_002;TI;
18 578;Usuário não conecta na rede Eduroam;Entidade raiz;2025-10-14 20:18;2025-10-14 20:18;Em atendimento (atribuído);Baixa;Requerente_024;;TI;
18 559;Arquivos editáveis;Entidade raiz;2025-10-10 14:15;2025-10-10 14:48;Em atendimento (atribuído);Baixa;Requerente_057;Atribuído_008;TI;
9 959;Fibra óptica em pontos de concentração + piso elevado [SALA];Entidade raiz;2019-07-09 10:10;2025-10-01 09:31;Em atendimento (atribuído);Média;Requerente_004;Atribuído_021;TI;
18 463;[CHAVES] Cópia para auditório, [SALA] e [SALA].;Entidade raiz;2025-09-22 08:32;2025-09-30 08:43;Pendente;Média;Requerente_007;;INFRA;
18 466;Banners do Auditório;Entidade raiz;2025-09-22 08:46;2025-09-23 14:05;Em atendimento (atribuído);Baixa;Requerente_028;Atribuído_018;CECOM;
18 478;[CIVIL] Goteira [SALA];Entidade raiz;2025-09-23 10:08;2025-09-23 10:08;Em atendimento (atribuído);Média;Requerente_053;;INFRA;
18 414;Disco com falha no [SERVIDOR];Entidade raiz;2025-09-12 08:25;2025-09-16 13:54;Em atendimento (atribuído);Critica;Requerente_014;Atribuído_004;TI;
17 138;[PESSOA];Entidade raiz;2024-12-10 12:00;2025-09-15 16:51;Em atendimento (atribuído);Baixa;Requerente_028;Atribuído_022;INFRA+AUDIOVISUAL;
18 421;Atualização das ISOs do [PESSOA];Entidade raiz;2025-09-12 20:56;2025-09-12 20:57;Em atendimento (atribuído);Baixa;Requerente_024;Atribuído_009;TI;
17 773;[CIVIL] Pintura no pilares da cerca na frente do Campus;Entidade raiz;2025-04-30 12:42;2025-09-05 13:47;Em atendimento (atribuído);Média;Requerente_007;;INFRA;
17 671;[CIVIL] Instalação de barras de [AP] nos banheiros acessíveis;Entidade raiz;2025-04-08 10:10;2025-09-05 13:47;Em atendimento (atribuído);Média;Requerente_007;;INFRA;
18 378;Analisar os logs gerados pela controladora Unifi;Entidade raiz;2025-09-05 13:44;2025-09-05 13:44;Em atendimento (atribuído);Média;Requerente_014;Atribuído_023;TI;
17 080;Estrada de acesso ano novo apiário;Entidade raiz;2024-11-25 09:19;2025-09-04 16:44;Em atendimento (atribuído);Média;Requerente_007;;INFRA;
18 368;Desenvolver manual que aborde todas as configurações utilizadas na controladora Unifi;Entidade raiz;2025-09-04 09:22;2025-09-04 09:22;Em atendimento (atribuído);Média;Requerente_014;Atribuído_004;TI;
18 029;[SERVIÇOS GERAIS] Fechadura/Chave armário;Entidade raiz;2025-06-16 14:32;2025-09-03 08:00;Em atendimento (atribuído);Média;Requerente_005;;INFRA;
17 223;Substituição dos monitores;Entidade raiz;2025-01-22 14:12;2025-08-27 20:09;Em atendimento (atribuído);Média;Requerente_058;Atribuído_008;TI;
18 344;Adaptador token wifi;Entidade raiz;2025-08-27 16:32;2025-08-27 16:32;Em atendimento (atribuído);Alta;Requerente_059;;TI;
18 309;[SERVIÇOS GERAIS] Instalar câmera e projetor na [SALA];Entidade raiz;2025-08-21 15:12;2025-08-21 15:12;Em atendimento (atribuído);Média;Requerente_007;;INFRA;
18 300;[SERVIÇOS GERAIS] Alarme de presença do [BLOCO];Entidade raiz;2025-08-21 07:45;2025-08-21 14:23;Pendente;Baixa;Requerente_007;;INFRA;
18 302;Máquina de vigilância para acesso ao sistema das câmeras;Entidade raiz;2025-08-21 09:34;2025-08-21 09:34;Em atendimento (atribuído);Baixa;Requerente_002;Atribuído_015;TI;
16 756;Problemas nos alarmes;Entidade raiz;2024-09-14 13:49;2025-08-21 07:41;Em atendimento (atribuído);Alta;Requerente_047;;INFRA;
18 291;Solicitação de instalação.;Entidade raiz;2025-08-19 14:41;2025-08-20 18:21;Em atendimento (atribuído);Alta;Requerente_060;Atribuído_008;TI;
18 278;Moodle - Erro ao [PESSOA] de Notas;Entidade raiz;2025-08-18 09:20;2025-08-18 14:32;Em atendimento (atribuído);Alta;Requerente_027;Atribuído_008;TI > Sistemas > Moodle;
18 267;não chega sinal no projetor do [SALA];Entidade raiz;2025-08-14 08:46;2025-08-14 08:46;Em atendimento (atribuído);Alta;Requerente_013;Atribuído_005;AUDIOVISUAL+TI;
18 068;câmeras de monitoramento-biblioteca;Entidade raiz;2025-06-30 18:09;2025-08-11 08:26;Em atendimento (atribuído);Média;Requerente_061;;INFRA+TI;
15 716;[SERVIÇOS GERAIS] Reparo de pinturas;Entidade raiz;2024-03-11 14:47;2025-07-29 14:54;Em atendimento (atribuído);Média;Requerente_002;;INFRA;
12 975;Instalar ou trocar caixas hermeticas;Entidade raiz;2022-03-29 14:27;2025-07-28 10:29;Em atendimento (atribuído);Média;Requerente_056;;INFRA+TI;
16 428;[SERVIÇOS GERAIS]Fazer retrátil para os cabos de rede [BLOCO] e E;Entidade raiz;2024-07-22 10:58;2025-07-25 08:36;Em atendimento (atribuído);Baixa;Requerente_004;;INFRA;
18 123;Conferência de usuários com acesso ao sistema de CFTV;Entidade raiz;2025-07-09 20:23;2025-07-10 13:19;Em atendimento (atribuído);Baixa;Requerente_019;Atribuído_024;TI;
18 033;[SERVIÇOS GERAIS] Tampa de acrílico para mesa de som;Entidade raiz;2025-06-16 15:18;2025-07-03 08:59;Pendente;Média;Requerente_007;;INFRA;
18 060;[CIVIL] Infiltração no Lab [SALA];Entidade raiz;2025-06-26 17:24;2025-06-30 07:31;Em atendimento (atribuído);Alta;Requerente_040;;INFRA;
17 601;[ELÉTRICA] Torneira elétrica na Copa;Entidade raiz;2025-03-27 08:58;2025-06-23 07:34;Pendente;Alta;Requerente_062;;INFRA;
16 971;Câmeras de segurança inoperante;Entidade raiz;2024-10-30 10:46;2025-06-15 21:33;Em atendimento (atribuído);Média;Requerente_007;Atribuído_021;TI;
15 250;Problema CAM-BSDA05;Entidade raiz;2023-11-17 07:46;2025-06-15 21:32;Em atendimento (atribuído);Média;Requerente_063;Atribuído_002;INFRA+TI;
17 986;[PESSOA];Entidade raiz;2025-06-10 08:32;2025-06-12 08:18;Em atendimento (atribuído);Baixa;Requerente_027;Atribuído_015;TI;
16 631;Manutenção Laboratórios [SALA]-[SALA]-[SALA]-[SALA]-[SALA]-[SALA];Entidade raiz;2024-08-26 20:48;2025-06-11 21:16;Em atendimento (atribuído);Média;Requerente_024;Atribuído_009;LABORATÓRIOS DE INFORMÁTICA;
17 723;Praticável/ Tablado;Entidade raiz;2025-04-16 11:18;2025-06-04 15:02;Pendente;Média;Requerente_037;;INFRA;
17 948;Demandas para organização do auditório;Entidade raiz;2025-05-30 14:38;2025-05-30 14:38;Em atendimento (atribuído);Média;Requerente_007;;INFRA;
14 795;Instalação de câmera e ajuste da porta interna do Almoxarifado/Depósito;Entidade raiz;2023-08-02 09:36;2025-05-28 09:39;Em atendimento (atribuído);Média;Requerente_064;Atribuído_025;INFRA+TI;
17 860;Computador [ID_ATIVO] -Lab [SALA]- Travado;Entidade raiz;2025-05-19 16:42;2025-05-19 16:42;Em atendimento (atribuído);Média;Requerente_044;Atribuído_009;LABORATÓRIOS DE INFORMÁTICA;
17 840;[SERVIÇOS GERAIS] Proteção controle de ar condicionado;Entidade raiz;2025-05-14 15:40;2025-05-14 15:40;Em atendimento (atribuído);Média;Requerente_007;;INFRA;
17 824;Confecção de módulo didático;Entidade raiz;2025-05-12 15:30;2025-05-12 15:30;Em atendimento (atribuído);Média;Requerente_011;;INFRA;
17 813;Monitor com problemas;Entidade raiz;2025-05-08 16:01;2025-05-08 20:24;Em atendimento (atribuído);Baixa;Requerente_055;Atribuído_009;LABORATÓRIOS DE INFORMÁTICA;
17 762;Suporte em atividade cultural estudantes.;Entidade raiz;2025-04-29 09:23;2025-04-29 09:27;Em atendimento (atribuído);Média;Requerente_023;Atribuído_018;CECOM;
16 165;Adequações no laboratório de alimentos ([SALA]);Entidade raiz;2024-05-28 14:59;2025-04-25 07:49;Em atendimento (atribuído);Baixa;Requerente_028;;INFRA;
17 125;Requisição de uma geladeira;Entidade raiz;2024-12-05 21:52;2025-04-25 07:24;Em atendimento (atribuído);Baixa;Requerente_065;;INFRA;
17 649;[SERVIÇOS GERAIS]Trocar persiana biblioteca;Entidade raiz;2025-04-04 09:32;2025-04-25 07:23;Pendente;Média;Requerente_007;;INFRA;
17 738;Computador não acessa internet;Entidade raiz;2025-04-24 13:06;2025-04-24 13:08;Em atendimento (atribuído);Média;Requerente_066;Atribuído_008;TI;
17 422;Notebook [SALA]/[SALA];Entidade raiz;2025-02-25 15:59;2025-04-24 08:42;Em atendimento (atribuído);Média;Requerente_011;Atribuído_008;TI;
17 640;Câmera de segurança na Fábrica de Software;Entidade raiz;2025-04-02 16:59;2025-04-02 16:59;Em atendimento (atribuído);Alta;Requerente_041;;INFRA+TI;
15 721;[CIVIL] FIXAR REVESTIMENTO CERÂMICO;Entidade raiz;2024-03-11 22:05;2025-04-01 15:03;Em atendimento (atribuído);Média;Requerente_025;;INFRA;
17 621;[SERVIÇOS GERAIS] Porta copos;Entidade raiz;2025-03-31 16:44;2025-04-01 08:51;Em atendimento (atribuído);Baixa;Requerente_049;;INFRA;
17 585;Roçada das entrelinhas de araucária e erva-mate da área agrícola;Entidade raiz;2025-03-24 10:13;2025-03-27 08:00;Em atendimento (atribuído);Baixa;Requerente_047;;INFRA;
15 696;[SERVIÇOS GERAIS] Armários para laboratório de Segurança do Trabalho;Entidade raiz;2024-03-06 21:12;2025-03-26 10:52;Em atendimento (atribuído);Alta;Requerente_067;;INFRA;
17 572;Mouse da Recepção/Reprografia com Botão Esquerdo;Entidade raiz;2025-03-20 21:33;2025-03-21 12:47;Em atendimento (atribuído);Média;Requerente_024;;TI;
12 250;Problem: sdb: Disk read/write request responses are too high (read > 20 ms for 15m or write > 20 ms for 15m);Entidade raiz;2021-09-20 18:34;2025-03-19 20:30;Em atendimento (atribuído);Média;Requerente_056;Atribuído_012;TI;
17 474;[ELÉTRICA] Instalação dos equipamentos de monitoramento de energia elétrica;Entidade raiz;2025-03-07 15:15;2025-03-07 15:16;Em atendimento (atribuído);Baixa;Requerente_025;;INFRA;
17 473;Infra para sistema de monitoramento de energia elétrica;Entidade raiz;2025-03-07 15:14;2025-03-07 15:14;Em atendimento (atribuído);Baixa;Requerente_025;;TI;
17 463;Atualização notebook;Entidade raiz;2025-03-07 07:58;2025-03-07 07:59;Em atendimento (atribuído);Média;Requerente_068;Atribuído_015;TI;
14 069;Aquisição de filtro;Entidade raiz;2023-01-18 09:10;2025-02-25 08:43;Em atendimento (atribuído);Média;Requerente_002;;INFRA;
17 248;Estudo técnico para analise de viabilidade de automatização do processo de impressão;Entidade raiz;2025-01-30 14:02;2025-02-24 15:04;Em atendimento (atribuído);Média;Requerente_028;Atribuído_015;TI;
17 292;[SERVIÇOS GERAIS] Confecção de placa;Entidade raiz;2025-02-07 15:06;2025-02-24 15:03;Em atendimento (atribuído);Média;Requerente_002;;INFRA;
15 723;[SERVIÇOS GERAIS] Dispositivos de sinalização viária;Entidade raiz;2024-03-12 08:15;2025-02-17 07:41;Em atendimento (atribuído);Média;Requerente_002;;INFRA;
17 325;Upgrade laboratório de redes;Entidade raiz;2025-02-12 11:12;2025-02-13 08:05;Em atendimento (atribuído);Média;Requerente_044;;INFRA+TI;
13 655;[ELÉTRICA] trocar todas as tomadas 220 embutidas de todas as salas e corredores do administrativo para novo padrao;Entidade raiz;2022-09-02 09:53;2025-02-12 07:47;Pendente;Critica;Requerente_069;;INFRA;
17 320;[PESSOA] VGA;Entidade raiz;2025-02-11 19:47;2025-02-11 19:47;Em atendimento (atribuído);Muito baixa;Requerente_024;Atribuído_009;TI;
17 270;Esteira e bikes academia;Entidade raiz;2025-02-05 11:04;2025-02-07 10:11;Em atendimento (atribuído);Alta;Requerente_070;;INFRA;
12 521;[SERVIÇOS GERAIS] Substituir tampoes de condulete e vedação de conduletes externos 4x2;Entidade raiz;2021-11-11 13:51;2025-02-03 10:39;Em atendimento (atribuído);Média;Requerente_056;;INFRA;
14 040;trocar as tomadas elétricas 220v do datacenter pelo padrão atual;Entidade raiz;2022-12-19 14:53;2025-02-03 09:46;Em atendimento (atribuído);Média;Requerente_056;;INFRA;
17 224;Mudança de computadores/Upgrade [SALA]-[SALA]-[SALA]-[SALA]-[SALA];Entidade raiz;2025-01-23 08:18;2025-01-23 08:35;Em atendimento (atribuído);Média;Requerente_019;Atribuído_010;LABORATÓRIOS DE INFORMÁTICA;
17 185;Reposicionamento de câmeras;Entidade raiz;2024-12-30 16:56;2024-12-30 16:56;Em atendimento (atribuído);Média;Requerente_007;;INFRA;
15 282;CAM-BLAB12;Entidade raiz;2023-11-23 11:07;2024-12-30 14:27;Em atendimento (atribuído);Média;Requerente_056;Atribuído_012;INFRA+TI;
17 010;[ELÉTRICA] Instalação de [PESSOA];Entidade raiz;2024-11-07 11:20;2024-12-30 14:26;Em atendimento (atribuído);Média;Requerente_071;;INFRA;
14 926;Problema de lentidão no servidor de backup;Entidade raiz;2023-08-31 15:57;2024-12-21 14:01;Em atendimento (atribuído);Média;Requerente_056;Atribuído_021;TI;
16 799;[SERVIDOR] - The storage battery has failed;Entidade raiz;2024-09-25 08:15;2024-12-21 14:01;Em atendimento (atribuído);Critica;Requerente_056;Atribuído_012;TI;
16 955;[SERVIÇOS GERAIS] Manutenção preventiva persianas [BLOCO] - Laboratórios;Entidade raiz;2024-10-24 20:29;2024-12-11 13:11;Em atendimento (atribuído);Baixa;Requerente_025;;INFRA;
16 956;[SERVIÇOS GERAIS] Manutenção preventiva persianas [BLOCO] - Auditório;Entidade raiz;2024-10-24 20:30;2024-12-11 13:10;Em atendimento (atribuído);Baixa;Requerente_025;;INFRA;
16 952;[SERVIÇOS GERAIS] Manutenção preventiva persianas [BLOCO] - Pedagógico;Entidade raiz;2024-10-24 20:23;2024-12-11 13:10;Em atendimento (atribuído);Média;Requerente_025;;INFRA;
16 972;Sugestão;Entidade raiz;2024-10-30 10:54;2024-11-14 15:48;Em atendimento (atribuído);Média;Requerente_055;Atribuído_009;LABORATÓRIOS DE INFORMÁTICA;
16 543;Diagramação de Coletânea de Poemas;Entidade raiz;2024-08-09 16:58;2024-10-23 09:31;Em atendimento (atribuído);Baixa;Requerente_072;Atribuído_007;PROGRAMAÇÃO VISUAL;
15 618;Instalação do [PESSOA] - [SALA];Entidade raiz;2024-02-22 10:22;2024-10-17 16:34;Em atendimento (atribuído);Alta;Requerente_011;;INFRA+AUDIOVISUAL;
16 916;Fibra otica do LAB5 não ativa;Entidade raiz;2024-10-16 23:55;2024-10-17 07:36;Em atendimento (atribuído);Média;Requerente_056;Atribuído_021;TI;
15 733;[CIVIL] Conserto de forro;Entidade raiz;2024-03-13 14:41;2024-10-14 14:30;Em atendimento (atribuído);Média;Requerente_002;;INFRA;
16 310;[ELÉTRICA] TROCA E INSTALAÇÃO DE LÂMPADAS DE EMERGÊNCIA;Entidade raiz;2024-06-24 21:27;2024-10-14 14:27;Em atendimento (atribuído);Média;Requerente_025;;INFRA;
16 235;Manutenção do tampão para condute das tomadas das eletrocalhas dos laboratórios de Informática;Entidade raiz;2024-06-11 15:46;2024-10-02 09:56;Em atendimento (atribuído);Média;Requerente_024;Atribuído_009;INFRA+TI;
16 412;Teste replicação multicast;Entidade raiz;2024-07-16 09:57;2024-09-26 16:34;Em atendimento (atribuído);Média;Requerente_002;Atribuído_015;TI;
16 759;Notebook para conselhos de classe;Entidade raiz;2024-09-16 11:09;2024-09-16 11:24;Em atendimento (atribuído);Alta;Requerente_022;;TI;
16 609;Incidente com monitor no Lab [SALA];Entidade raiz;2024-08-22 10:59;2024-09-12 19:26;Em atendimento (atribuído);Média;Requerente_073;Atribuído_009;TI;
16 263;[SERVIÇOS GERAIS] Suporte para colocar panelas na parede;Entidade raiz;2024-06-17 09:03;2024-09-06 09:42;Em atendimento (atribuído);Média;Requerente_071;;INFRA;
16 614;[SERVIÇOS GERAIS] Ponto pneumático [SALA];Entidade raiz;2024-08-22 17:02;2024-08-23 07:54;Em atendimento (atribuído);Média;Requerente_011;;INFRA;
16 615;[SERVIÇOS GERAIS] Registro geral de ar comprimido [SALA];Entidade raiz;2024-08-22 17:03;2024-08-23 07:54;Em atendimento (atribuído);Média;Requerente_011;;INFRA;
16 507;Docker e WSL;Entidade raiz;2024-08-05 10:45;2024-08-05 16:44;Em atendimento (atribuído);Alta;Requerente_027;Atribuído_009;LABORATÓRIOS DE INFORMÁTICA;
16 453;[SERVIÇOS GERAIS] Cadeiras quebradas;Entidade raiz;2024-07-29 09:07;2024-08-05 08:10;Pendente;Alta;Requerente_074;;INFRA;
16 448;[PESSOA] - [ID_ATIVO];Entidade raiz;2024-07-26 15:28;2024-07-26 15:28;Em atendimento (atribuído);Média;Requerente_024;;TI;
13 893;Manutenção subestação de energia;Entidade raiz;2022-10-26 09:28;2024-07-22 13:25;Em atendimento (atribuído);Alta;Requerente_004;;INFRA;
15 900;Teclado alarme ADM;Entidade raiz;2024-04-10 07:22;2024-07-15 07:35;Em atendimento (atribuído);Média;Requerente_004;;INFRA;
9 615;Câmera de segurança Laboratório de [PESSOA] ([SALA]);Entidade raiz;2019-05-07 17:02;2024-06-24 08:24;Em atendimento (atribuído);Média;Requerente_028;Atribuído_026;INFRA;
14 534;Carrinho da manutenção;Entidade raiz;2023-05-03 10:02;2024-06-04 08:09;Em atendimento (atribuído);Média;Requerente_002;;INFRA;
13 364;[SERVIÇOS GERAIS] Aquisição de espelhos de parede;Entidade raiz;2022-06-27 08:00;2024-06-04 08:09;Em atendimento (atribuído);Média;Requerente_002;;INFRA;
16 086;Lab de redes - Demandas [AP] em reunião e quedas de energia;Entidade raiz;2024-05-13 17:03;2024-05-16 16:40;Em atendimento (atribuído);Média;Requerente_075;Atribuído_027;INFRA+TI;
16 052;Computador com problemas;Entidade raiz;2024-05-06 07:43;2024-05-07 08:19;Em atendimento (atribuído);Baixa;Requerente_027;Atribuído_009;LABORATÓRIOS DE INFORMÁTICA;
16 033;Criação e Instalação Chrome OS;Entidade raiz;2024-04-30 19:40;2024-04-30 19:45;Em atendimento (atribuído);Baixa;Requerente_024;;TI;
16 026;Encontrar ferramenta para verificação do estado do [PESSOA];Entidade raiz;2024-04-29 21:02;2024-04-30 14:37;Em atendimento (atribuído);Média;Requerente_024;Atribuído_009;LABORATÓRIOS DE INFORMÁTICA;
13 228;[ELÉTRICA] Tomadas no Ginásio;Entidade raiz;2022-05-23 08:52;2024-04-25 15:26;Em atendimento (atribuído);Média;Requerente_029;;INFRA;
15 987;Solicitação de mais um cabo de rede;Entidade raiz;2024-04-24 17:52;2024-04-24 17:52;Em atendimento (atribuído);Média;Requerente_033;;TI;
15 949;Criação de ISO e Clonagem;Entidade raiz;2024-04-18 21:16;2024-04-18 21:16;Em atendimento (atribuído);Média;Requerente_044;Atribuído_009;LABORATÓRIOS DE INFORMÁTICA;
15 921;Atualização de firmware e implementação de feauture nos [ATIVO_REDE] 5130;Entidade raiz;2024-04-12 16:33;2024-04-18 10:41;Em atendimento (atribuído);Média;Requerente_056;Atribuído_012;TI;
15 880;Ponto de rede com problema;Entidade raiz;2024-04-05 07:41;2024-04-11 20:33;Em atendimento (atribuído);Baixa;Requerente_041;;INFRA+TI;
15 227;Conectividade no Laboratório de hardware;Entidade raiz;2023-11-13 07:14;2024-04-11 15:17;Em atendimento (atribuído);Média;Requerente_002;Atribuído_012;TI;
15 767;Instalar cabo de rede [SALA] LAB-Fisica;Entidade raiz;2024-03-18 09:04;2024-03-27 16:00;Em atendimento (atribuído);Média;Requerente_029;Atribuído_012;TI;
15 756;Acabamento de Espuma na Janelas dos Laboratórios;Entidade raiz;2024-03-14 15:59;2024-03-20 07:45;Pendente;Média;Requerente_011;;INFRA;
15 755;Movimentação da imagem de uma Câmera;Entidade raiz;2024-03-14 15:55;2024-03-14 15:55;Em atendimento (atribuído);Média;Requerente_011;;INFRA;
15 708;[PESSOA];Entidade raiz;2024-03-08 16:04;2024-03-08 16:04;Em atendimento (atribuído);Média;Requerente_055;Atribuído_018;CECOM;
6 097;Iluminação auditório;Entidade raiz;2017-07-13 14:30;2024-03-08 15:32;Pendente;Média;Requerente_011;Atribuído_026;INFRA;
15 401;Reforma da atual sala da coordenação de Agronomia no bloco pedagógico;Entidade raiz;2023-12-21 12:21;2024-03-06 09:12;Em atendimento (atribuído);Média;Requerente_028;;INFRA;
15 563;Troca de teclado do notebook positivo;Entidade raiz;2024-02-14 15:12;2024-02-14 15:12;Em atendimento (atribuído);Alta;Requerente_059;;TI;
14 623;Mouse;Entidade raiz;2023-05-31 11:03;2024-02-08 11:25;Em atendimento (atribuído);Média;Requerente_076;;TI;
15 400;Alterações necessárias na [SALA] para receber Rack com computadores de alto desempenho;Entidade raiz;2023-12-21 12:16;2024-01-25 10:49;Em atendimento (atribuído);Média;Requerente_028;;INFRA+TI;
15 453;Separar canaletas e outros objetos que estão sobre o armário do laboratório [SALA].;Entidade raiz;2024-01-17 14:10;2024-01-17 14:11;Em atendimento (atribuído);Baixa;Requerente_024;Atribuído_009;LABORATÓRIOS DE INFORMÁTICA;
15 407;Troca dos discos [SERVIDOR], instalação de VMWare;Entidade raiz;2023-12-27 12:41;2023-12-27 12:41;Em atendimento (atribuído);Média;Requerente_056;Atribuído_012;TI;
15 358;Atividades infra+TI barracão;Entidade raiz;2023-12-14 07:33;2023-12-18 08:55;Em atendimento (atribuído);Média;Requerente_056;Atribuído_012;INFRA+TI;
15 345;Câmeras não funcionado;Entidade raiz;2023-12-11 07:14;2023-12-15 09:08;Pendente;Média;Requerente_002;Atribuído_021;INFRA+TI;
15 349;Carregador de notebook positivo;Entidade raiz;2023-12-11 14:14;2023-12-11 14:25;Em atendimento (atribuído);Alta;Requerente_059;;TI;
12 219;[MANUTENÇÃO-EQUIPAMENTOS] BALANÇA DA COPA NÃO LIGA;Entidade raiz;2021-09-14 10:03;2023-11-28 14:43;Pendente;Média;Requerente_077;;INFRA;
15 191;Manutenção Preventiva dos Computadores- REPETIÇÃO SEMANAL;Entidade raiz;2023-11-01 07:48;2023-11-27 11:03;Em atendimento (atribuído);Média;Requerente_052;Atribuído_009;LABORATÓRIOS DE INFORMÁTICA;
15 264;Instalar camera de monitoramento e ponto de rede para ligar sensor de temperatura e umidade CDP-BSDA [SALA];Entidade raiz;2023-11-20 10:35;2023-11-20 10:35;Em atendimento (atribuído);Média;Requerente_056;Atribuído_012;INFRA+TI;
12 976;Instalar camera de monitoramento e ponto de rede para ligar sensor de temperatura e umidade [SALA];Entidade raiz;2022-03-29 14:28;2023-11-20 10:31;Em atendimento (atribuído);Média;Requerente_056;Atribuído_001;INFRA+TI;
12 998;Rede 127V Laboratórios;Entidade raiz;2022-04-01 09:42;2023-11-10 14:09;Em atendimento (atribuído);Alta;Requerente_011;;INFRA+TI;
15 194;Atualizar servidor DNS primário;Entidade raiz;2023-11-01 14:38;2023-11-01 14:39;Em atendimento (atribuído);Média;Requerente_056;Atribuído_012;TI;
15 195;Atualizar servidor DNS secundário;Entidade raiz;2023-11-01 14:39;2023-11-01 14:39;Em atendimento (atribuído);Média;Requerente_056;Atribuído_012;TI;
14 108;Ajuste da câmera em frente à extensão;Entidade raiz;2023-01-26 10:58;2023-07-28 10:38;Pendente;Média;Requerente_022;;INFRA+TI;
14 538;Troca de senha do alarme;Entidade raiz;2023-05-03 14:40;2023-07-17 19:09;Em atendimento (atribuído);Média;Requerente_029;;INFRA;
14 305;Adicionar servidor backup rsync no zabbix e fazer as devidas parametrizações e alertas;Entidade raiz;2023-03-09 15:52;2023-04-27 14:18;Em atendimento (atribuído);Critica;Requerente_056;Atribuído_012;TI;
14 451;internet recepção;Entidade raiz;2023-04-04 13:24;2023-04-04 14:16;Em atendimento (atribuído);Média;Requerente_035;Atribuído_021;TI;
12 446;Note ou computador na Recepção Pedagógia;Entidade raiz;2021-10-25 21:50;2023-04-04 13:40;Em atendimento (atribuído);Média;Requerente_078;Atribuído_028;INFRA+TI;
14 447;criar link you tube e stream yard;Entidade raiz;2023-04-03 14:50;2023-04-03 14:50;Em atendimento (atribuído);Média;Requerente_079;Atribuído_018;CECOM;
14 390;Projetor [SALA];Entidade raiz;2023-03-24 16:01;2023-03-24 16:12;Em atendimento (atribuído);Média;Requerente_005;;AUDIOVISUAL;
14 386;Divulgação Sessão [PESSOA] de Colação de Grau;Entidade raiz;2023-03-23 10:39;2023-03-23 10:39;Em atendimento (atribuído);Média;Requerente_079;Atribuído_018;CECOM;
8 459;Solicitação de instalação e acesso às câmaras;Entidade raiz;2018-09-04 12:00;2023-03-07 15:37;Em atendimento (planejado);Média;Requerente_080;Atribuído_029;TI;
11 293;Notebook e Internet - Assessoria DEPE;Entidade raiz;2020-03-30 15:08;2023-03-07 15:31;Em atendimento (atribuído);Média;Requerente_078;Atribuído_021;INFRA+TI;
10 583;Problema em computador de acesso dos alunos;Entidade raiz;2019-11-04 12:39;2023-03-07 15:26;Pendente;Média;Requerente_081;Atribuído_001;TI;
13 014;Revisão dos pontos de rede - [PESSOA];Entidade raiz;2022-04-05 13:09;2023-02-24 16:54;Em atendimento (atribuído);Alta;Requerente_044;Atribuído_002;TI;
14 206;[PESSOA];Entidade raiz;2023-02-16 14:01;2023-02-17 09:18;Em atendimento (atribuído);Média;Requerente_079;;TI;
14 153;Instabilidade da wifi na sala d08;Entidade raiz;2023-02-07 11:05;2023-02-10 15:50;Em atendimento (atribuído);Alta;Requerente_044;Atribuído_001;TI;
14 171;Ponto de rede na sala de coordenação da ciência da computação;Entidade raiz;2023-02-09 17:03;2023-02-10 15:29;Em atendimento (atribuído);Média;Requerente_044;Atribuído_030;TI;
14 126;Configurar e fazer manual do HPE FLEXNETWORK 5520HI - [ATIVO_REDE] (R8M29A);Entidade raiz;2023-02-01 11:53;2023-02-01 11:53;Em atendimento (atribuído);Média;Requerente_056;Atribuído_012;TI;
13 652;Instalação de um ponto de rede na extensão do laboratório [SALA].;Entidade raiz;2022-09-01 14:12;2023-01-24 15:51;Em atendimento (atribuído);Média;Requerente_036;Atribuído_021;INFRA+TI;
13 684;Solicitação de ponto de rede cabeada;Entidade raiz;2022-09-08 15:12;2023-01-24 15:51;Em atendimento (atribuído);Média;Requerente_082;Atribuído_021;INFRA+TI;
12 381;[ELÉTRICA] Instalação laboratório eletrônica [SALA];Entidade raiz;2021-10-08 11:06;2023-01-24 15:51;Em atendimento (atribuído);Muito alta;Requerente_011;Atribuído_021;INFRA+TI;
13 797;Melhoria do sinal de internet no laboratório [SALA].;Entidade raiz;2022-09-30 15:20;2023-01-24 15:51;Em atendimento (atribuído);Muito alta;Requerente_036;Atribuído_021;INFRA+TI;
14 066;Readequação tomadas elétricas do Datacenter e demais CPDs;Entidade raiz;2023-01-16 15:34;2023-01-16 15:34;Em atendimento (atribuído);Média;Requerente_004;;INFRA+TI;
13 961;[AP]: kernel.unprivileged_bpf_disabled=0;Entidade raiz;2022-11-25 07:40;2022-12-14 14:53;Em atendimento (atribuído);Média;Requerente_056;Atribuído_012;TI;
13 891;Solicitação de bloqueio de comentários no youtube;Entidade raiz;2022-10-26 08:10;2022-10-26 16:37;Em atendimento (atribuído);Média;Requerente_080;Atribuído_018;CECOM;
13 877;Problema VLAN 17;Entidade raiz;2022-10-21 16:41;2022-10-21 16:41;Em atendimento (atribuído);Média;Requerente_056;Atribuído_012;TI;
13 831;Recursos de Acessibilidade do site institucional não funcionam;Entidade raiz;2022-10-12 08:27;2022-10-12 08:27;Em atendimento (atribuído);Média;Requerente_013;Atribuído_018;CECOM;
13 829;Remover interfaces de rede zabbix;Entidade raiz;2022-10-11 11:38;2022-10-11 11:38;Em atendimento (atribuído);Média;Requerente_056;Atribuído_012;TI;
1 968;Central do Usuário + 802.1x na cabeada;Entidade raiz;2014-07-21 09:39;2022-10-07 09:47;Em atendimento (atribuído);Critica;Requerente_004;Atribuído_031;TI > Rede > Melhorias performance > Segurança;
13 661;FAIL2BAN;Entidade raiz;2022-09-02 15:06;2022-10-05 16:06;Em atendimento (atribuído);Critica;Requerente_056;Atribuído_012;TI;
13 801;Possibilidade de colocar ganchos nos banheiros;Entidade raiz;2022-10-03 16:01;2022-10-05 10:29;Pendente;Muito baixa;Requerente_083;;INFRA;
13 674;Instalar bomba e encanamento para irrigação da horta na área experimental;Entidade raiz;2022-09-06 15:33;2022-09-22 09:17;Em atendimento (atribuído);Média;Requerente_020;Atribuído_032;INFRA;
13 530;CAM-GIN03;Entidade raiz;2022-08-05 14:55;2022-09-12 11:39;Em atendimento (atribuído);Média;Requerente_056;Atribuído_033;INFRA+TI;
12 680;INSTALAR [AP] GINASIO CORREDOR ANEXO.;Entidade raiz;2021-12-29 14:46;2022-09-12 11:38;Em atendimento (atribuído);Média;Requerente_056;Atribuído_021;TI;
9 528;[SERVIÇOS GERAIS] Pintura terça cobertura anexo;Entidade raiz;2019-04-17 10:55;2022-09-12 10:12;Pendente;Média;Requerente_011;;INFRA;
13 662;Solicitação de [PESSOA] p/ sala de Reuniões;Entidade raiz;2022-09-02 17:00;2022-09-02 17:00;Em atendimento (atribuído);Média;Requerente_008;;INFRA;
13 658;Ponto de rede na parte de pesquisa do Laboratório [SALA].;Entidade raiz;2022-09-02 11:16;2022-09-02 14:49;Em atendimento (atribuído);Média;Requerente_003;Atribuído_021;INFRA+TI;
13 074;Internet com péssima conexão;Entidade raiz;2022-04-20 09:52;2022-09-01 11:26;Em atendimento (atribuído);Média;Requerente_084;Atribuído_021;INFRA+TI;
13 047;Solicitação de cabo de rede;Entidade raiz;2022-04-11 09:31;2022-09-01 11:25;Em atendimento (atribuído);Média;Requerente_085;Atribuído_021;INFRA+TI;
13 043;[PESSOA].;Entidade raiz;2022-04-11 09:20;2022-09-01 11:25;Em atendimento (atribuído);Baixa;Requerente_086;Atribuído_021;TI;
13 607;[PESSOA];Entidade raiz;2022-08-23 08:24;2022-09-01 10:09;Em atendimento (atribuído);Média;Requerente_027;Atribuído_021;TI;
13 427;Sinalização Luminosa nos blocos;Entidade raiz;2022-07-11 15:26;2022-07-11 15:26;Em atendimento (atribuído);Média;Requerente_029;;INFRA;
13 421;Sinalização visual e em braile nas portas;Entidade raiz;2022-07-11 10:55;2022-07-11 10:55;Em atendimento (atribuído);Média;Requerente_029;;INFRA;
13 417;Demarcação para intérprete de líbras;Entidade raiz;2022-07-11 07:55;2022-07-11 07:55;Em atendimento (atribuído);Média;Requerente_029;;INFRA;
12 950;Oscilação no sinal da internet;Entidade raiz;2022-03-22 15:24;2022-07-06 14:55;Em atendimento (atribuído);Média;Requerente_053;Atribuído_021;TI;
13 407;Câmeras corredor entre BLAB e estufas - do tanque ate para frente do lab aterramento;Entidade raiz;2022-07-06 14:31;2022-07-06 14:33;Em atendimento (atribuído);Média;Requerente_087;Atribuído_021;INFRA+TI;
13 247;Instalação de Câmera e [PESSOA];Entidade raiz;2022-05-26 10:42;2022-05-26 10:42;Em atendimento (atribuído);Média;Requerente_011;Atribuído_001;TI;
12 642;Melhorar sinal WiFi laboratórios;Entidade raiz;2021-12-13 13:50;2022-04-08 08:58;Em atendimento (atribuído);Média;Requerente_011;Atribuído_021;TI;
12 977;Instalar camera de monitoramento e ponto de rede para ligar sensor de temperatura e humidade CDP-ADM;Entidade raiz;2022-03-29 14:30;2022-04-04 10:07;Em atendimento (atribuído);Média;Requerente_056;Atribuído_001;INFRA+TI;
12 969;Melhoria infraestrutura Pedagógico;Entidade raiz;2022-03-25 13:00;2022-03-28 08:08;Em atendimento (atribuído);Baixa;Requerente_078;Atribuído_001;TI;
12 913;Publicação Site;Entidade raiz;2022-03-15 09:19;2022-03-15 09:19;Em atendimento (atribuído);Média;Requerente_011;Atribuído_018;CECOM;
8 056;Atualizar planilha cameras BLAB + [ATIVO_REDE];Entidade raiz;2018-07-04 18:30;2022-03-04 10:53;Em atendimento (atribuído);Média;Requerente_056;Atribuído_012;TI;
12 641;Instalação de câmera;Entidade raiz;2021-12-10 12:54;2022-02-08 16:47;Em atendimento (atribuído);Alta;Requerente_077;;INFRA+TI;
12 686;Integração Zabbix + Telegram;Entidade raiz;2021-12-30 15:58;2021-12-30 15:58;Em atendimento (atribuído);Média;Requerente_056;Atribuído_012;TI;
12 466;[SERVIÇOS GERAIS] Movimentação [PESSOA] + Auditório;Entidade raiz;2021-10-27 14:09;2021-11-12 09:44;Pendente;Média;Requerente_011;Atribuído_012;INFRA+TI;
12 061;Problema camera BSDA0101 - CAIXA D' AGUA AMPLIACAO BSDA;Entidade raiz;2021-07-27 13:00;2021-10-07 14:47;Em atendimento (atribuído);Média;Requerente_025;Atribuído_034;TI;
11 941;Divulgação semana meio ambiente IFC;Entidade raiz;2021-05-31 09:40;2021-05-31 09:40;Em atendimento (atribuído);Média;Requerente_079;Atribuído_018;CECOM;
11 622;Limpeza de calhas de chuva;Entidade raiz;2020-11-24 13:42;2021-05-10 09:56;Em atendimento (atribuído);Média;Requerente_025;;INFRA;
7 745;Atualizar planilha pontos de rede cameras BPED;Entidade raiz;2018-05-10 09:18;2021-03-10 15:31;Em atendimento (atribuído);Média;Requerente_056;Atribuído_012;TI;
11 542;LIBERAR TELEFONES PARA CHAMADAS DE EMERGÊNCIA;Entidade raiz;2020-10-01 13:55;2021-03-08 13:33;Em atendimento (atribuído);Média;Requerente_025;Atribuído_001;TI;
10 613;Desativar todos pontos de redes das cameras que não estão sendo utilizadas;Entidade raiz;2019-11-08 16:00;2021-03-05 17:44;Em atendimento (atribuído);Média;Requerente_056;Atribuído_012;TI;
5 232;Identificação cabo telefônico CPD ADM - Barracão;Entidade raiz;2017-03-03 16:06;2021-02-23 14:53;Em atendimento (atribuído);Média;Requerente_004;Atribuído_001;TI;
8 129;Instalação piso tátil;Entidade raiz;2018-07-17 16:00;2020-10-08 08:29;Pendente;Alta;Requerente_011;Atribuído_026;INFRA;
9 925;Solicitação de câmeras, melhoria do wifi e telefone na copa (antiga cantina);Entidade raiz;2019-07-03 14:37;2020-08-04 13:58;Pendente;Média;Requerente_080;Atribuído_034;INFRA+TI;
11 155;Telefone no ginásio;Entidade raiz;2020-03-02 17:49;2020-08-04 13:58;Em atendimento (atribuído);Média;Requerente_029;Atribuído_029;INFRA+TI;
8 919;Instalação do piso tátil em todos os blocos;Entidade raiz;2018-12-18 14:51;2020-08-04 13:54;Em atendimento (atribuído);Alta;Requerente_011;Atribuído_026;INFRA;
8 940;Pintura próximo ao piso refeitório;Entidade raiz;2018-12-18 16:12;2020-08-04 13:54;Em atendimento (atribuído);Média;Requerente_011;Atribuído_026;INFRA;
10 552;SUBSTITUIÇÃO QUADRO ELÉTRICO PEDAGÓGICO (1 QUADRO G);Entidade raiz;2019-10-31 10:24;2020-08-04 13:54;Pendente;Média;Requerente_011;Atribuído_026;INFRA;
10 553;SUBSTITUIÇÃO QUADRO ELÉTRICO AUDITÓRIO (1 QUADRO M);Entidade raiz;2019-10-31 10:26;2020-08-04 13:54;Pendente;Média;Requerente_011;Atribuído_026;INFRA;
10 554;INSTALAÇÃO QUADRO ELÉTRICO ILUM / TOM AUDITÓRIO (1 QUADRO P);Entidade raiz;2019-10-31 10:27;2020-08-04 13:54;Pendente;Média;Requerente_011;Atribuído_026;INFRA;
10 555;SUBSTITUIÇÃO QUADROS ELÉTRICOS ANTIGOS SALAS DE AULA (4 QUADROS P);Entidade raiz;2019-10-31 10:28;2020-08-04 13:54;Pendente;Média;Requerente_011;Atribuído_026;INFRA;
10 556;SUBSTITUIÇÃO QUADROS ELÉTRICOS ANTIGOS ADMINISTRATIVO (1 QUADRO P);Entidade raiz;2019-10-31 10:29;2020-08-04 13:54;Pendente;Média;Requerente_011;Atribuído_026;INFRA;
10 557;SUBSTITUIÇÃO QUADRO ELÉTRICO ANTIGO BIBLIOTECA (1 QUADRO P);Entidade raiz;2019-10-31 10:29;2020-08-04 13:54;Pendente;Média;Requerente_011;Atribuído_026;INFRA;
10 558;SUBSTITUIÇÃO QUADRO ELÉTRICO ANTIGO LABORATÓRIOS (1 QUADRO M);Entidade raiz;2019-10-31 10:30;2020-08-04 13:54;Pendente;Média;Requerente_011;Atribuído_026;INFRA;
10 559;SUBSTITUIÇÃO QUADRO ELÉTRICO ANTIGO CANTINA (1 QUADRO P);Entidade raiz;2019-10-31 10:31;2020-08-04 13:54;Pendente;Média;Requerente_011;Atribuído_026;INFRA;
10 560;INSTALAÇÃO ELETROCALHA GINÁSIO INTERNO (200 MT);Entidade raiz;2019-10-31 10:33;2020-08-04 13:54;Pendente;Média;Requerente_011;Atribuído_026;INFRA;
10 561;INSTALAÇÃO TOMADAS DENTRO DO GINÁSIO;Entidade raiz;2019-10-31 10:35;2020-08-04 13:54;Pendente;Média;Requerente_011;Atribuído_026;INFRA;
10 562;INSTALAÇÃO ILUMINAÇÃO LATERAL GINÁSIO;Entidade raiz;2019-10-31 10:36;2020-08-04 13:54;Pendente;Média;Requerente_011;Atribuído_026;INFRA;
10 828;Mudança de ponto de internet;Entidade raiz;2020-01-21 09:25;2020-07-02 11:06;Em atendimento (atribuído);Média;Requerente_029;;TI;
11 352;Notícia em outro item;Entidade raiz;2020-05-31 14:25;2020-06-01 10:23;Em atendimento (atribuído);Alta;Requerente_060;Atribuído_018;CECOM;
3 026;Implantação IPV6;Entidade raiz;2015-10-22 10:00;2020-05-06 14:21;Em atendimento (planejado);Média;Requerente_004;Atribuído_035;TI;
11 282;SISAE - Site institucional - REGULAMENTO DE CONDUTA DISCENTE;Entidade raiz;2020-03-20 15:25;2020-03-23 11:00;Em atendimento (atribuído);Média;Requerente_088;Atribuído_018;CECOM;
11 079;Imagem para divulgar ''[PESSOA]'' para sexta-feira;Entidade raiz;2020-02-19 13:19;2020-02-20 09:32;Em atendimento (atribuído);Alta;Requerente_088;Atribuído_018;CECOM;
9 012;Organizar cabeamento estruturado rack lan - Somente dados CPD-ADM;Entidade raiz;2019-01-17 12:26;2020-02-04 14:38;Em atendimento (atribuído);Baixa;Requerente_056;Atribuído_023;TI;
5 120;Reestrutura configuracoes e topologias de rede bloco sala de aula;Entidade raiz;2017-02-08 22:06;2020-02-04 14:21;Em atendimento (atribuído);Baixa;Requerente_056;Atribuído_012;TI;
2 239;Identificação de fibras em caixas de passagem;Entidade raiz;2014-10-30 08:03;2020-02-04 14:15;Em atendimento (atribuído);Baixa;Requerente_056;Atribuído_012;TI;
10 816;Som para ginásio 10/02;Entidade raiz;2020-01-17 11:54;2020-01-17 11:54;Em atendimento (atribuído);Alta;Requerente_039;;PROGRAMAÇÃO VISUAL;
10 601;Instalação de pontos de rede no Ginásio;Entidade raiz;2019-11-07 15:46;2019-11-07 15:50;Em atendimento (atribuído);Média;Requerente_089;Atribuído_021;TI;
10 574;Necessidades futuras projeto cabeamento;Entidade raiz;2019-11-01 16:14;2019-11-01 16:14;Em atendimento (atribuído);Média;Requerente_004;;TI;
6 852;[SERVIDOR] com problema nos discos;Entidade raiz;2017-12-13 11:15;2019-08-12 11:40;Em atendimento (atribuído);Média;Requerente_056;Atribuído_001;;
9 958;Piso elevado em CPDs;Entidade raiz;2019-07-09 09:44;2019-07-09 09:45;Em atendimento (atribuído);Média;Requerente_004;Atribuído_012;TI;
9 932;Fusão de fibras ópticas;Entidade raiz;2019-07-04 14:12;2019-07-04 14:16;Em atendimento (atribuído);Média;Requerente_004;Atribuído_012;TI;
7 903;Instalação de um ponto de rede no auditório;Entidade raiz;2018-06-11 11:27;2019-07-04 09:36;Em atendimento (atribuído);Média;Requerente_089;Atribuído_001;TI;
7 199;PONTO ALMOXARIFADO LABORATÓRIOS;Entidade raiz;2018-02-16 21:25;2019-07-04 08:39;Em atendimento (atribuído);Média;Requerente_025;Atribuído_001;TI > Cabeamento Estruturado;
5 064;Mudar nome das salas nas planilhas de cabeamento estruturado;Entidade raiz;2017-02-03 19:42;2019-07-04 08:36;Em atendimento (atribuído);Média;Requerente_056;Atribuído_012;;
781;Estudo e implementação para [ATIVO_REDE] rotear a rede;Entidade raiz;2013-05-09 08:48;2017-09-28 17:49;Em atendimento (planejado);Média;Requerente_056;Atribuído_012;TI > Rede > Melhorias performance;
673;Revisar politicas fw;Entidade raiz;2013-04-09 16:54;2017-09-28 17:48;Em atendimento (planejado);Média;Requerente_056;Atribuído_012;TI > Rede > Melhorias performance > Segurança;
773;Hospedar [SALA] no POP-SC;Entidade raiz;2013-05-09 08:36;2017-09-28 17:48;Em atendimento (planejado);Média;Requerente_056;Atribuído_012;TI > Servidores;
779;Separar [ATIVO_REDE] proxy;Entidade raiz;2013-05-09 08:48;2017-09-28 17:48;Em atendimento (planejado);Média;Requerente_056;Atribuído_012;TI > Rede > Melhorias performance > Segurança;
5 119;Reestruturar configuracoes e topologias de rede bloco pedagógico;Entidade raiz;2017-02-08 21:58;2017-02-24 13:27;Em atendimento (atribuído);Média;Requerente_056;Atribuído_012;;
772;DNS para rede interna;Entidade raiz;2013-05-09 08:36;2016-02-25 08:12;Em atendimento (planejado);Média;Requerente_056;Atribuído_012;TI > Servidores;
776;Implantar spanning tree na rede;Entidade raiz;2013-05-09 08:48;2016-02-25 08:12;Em atendimento (planejado);Média;Requerente_056;Atribuído_012;TI > Rede > Melhorias performance;
